repo,parent,weight
ethereum/go-ethereum,ethereum,0.0456649495
argotorg/solidity,ethereum,0.0452813548
ethereum/consensus-specs,ethereum,0.0432632546
Cyfrin/aderyn,ethereum,0.0427614786
NethermindEth/nethermind,ethereum,0.0420546824
ethereum/EIPs,ethereum,0.0420340109
holiman/goevmlab,ethereum,0.0360415414
supranational/blst,ethereum,0.0322558057
OpenZeppelin/openzeppelin-contracts,ethereum,0.0319796862
safe-global/safe-smart-account,ethereum,0.0274380044
foundry-rs/foundry,ethereum,0.0271170673
ethereum/execution-apis,ethereum,0.026261322
OffchainLabs/prysm,ethereum,0.0252864375
wevm/viem,ethereum,0.0240571647
NomicFoundation/hardhat,ethereum,0.0214837921
sigp/lighthouse,ethereum,0.021292866
libp2p/libp2p,ethereum,0.0208826396
risc0/risc0-ethereum,ethereum,0.0177003449
l2beat/l2beat,ethereum,0.0168007357
Plonky3/Plonky3,ethereum,0.0167744721
ethers-io/ethers.js,ethereum,0.0150753758
flashbots/mev-boost,ethereum,0.0148377884
Consensys/gnark-crypto,ethereum,0.0139931934
hyperledger/besu,ethereum,0.0139662909
flashbots/rbuilder,ethereum,0.0133954457
ethereum/js-ethereum-cryptography,ethereum,0.0128889075
ethstaker/eth-docker,ethereum,0.0123549564
flashbots/mev-boost-relay,ethereum,0.0114741802
Nethereum/Nethereum,ethereum,0.0105537525
eth-infinitism/account-abstraction,ethereum,0.010405335
Consensys/teku,ethereum,0.0098355659
status-im/nimbus-eth2,ethereum,0.009443012
LFDT-web3j/web3j,ethereum,0.0090318933
succinctlabs/sp1,ethereum,0.0090043743
remix-project-org/remix-project,ethereum,0.0088093756
blockscout/blockscout,ethereum,0.0087106657
vyperlang/vyper,ethereum,0.0084217785
ethpandaops/ethereum-package,ethereum,0.0081442284
ChainSafe/lodestar,ethereum,0.0081095541
erigontech/erigon,ethereum,0.0079207642
paradigmxyz/reth,ethereum,0.0073826253
protofire/solhint,ethereum,0.0066525111
Vectorized/solady,ethereum,0.0065578117
erigontech/silkworm,ethereum,0.0063216094
dappnode/DAppNode,ethereum,0.0061029966
DefiLlama/DefiLlama-Adapters,ethereum,0.0060169541
argotorg/sourcify,ethereum,0.0055631203
wighawag/hardhat-deploy,ethereum,0.0051659098
ethereum/web3.py,ethereum,0.0050746467
Certora/CertoraProver,ethereum,0.0049050468
taikoxyz/taiko-mono,ethereum,0.0048679914
herumi/mcl,ethereum,0.0045958574
ethereum/py_ecc,ethereum,0.0044673171
argotorg/act,ethereum,0.0044371702
NethermindEth/juno,ethereum,0.0042639582
DefiLlama/chainlist,ethereum,0.0039353206
succinctlabs/op-succinct,ethereum,0.0037709208
ethpandaops/ethereum-helm-charts,ethereum,0.0037666831
arkworks-rs/algebra,ethereum,0.0036167016
ethpandaops/checkpointz,ethereum,0.0035214005
OffchainLabs/stylus-sdk-rs,ethereum,0.0033052731
paulmillr/noble-curves,ethereum,0.0031381719
grandinetech/grandine,ethereum,0.0030822674
smartcontracts/simple-optimism-node,ethereum,0.0030639049
scaffold-eth/scaffold-eth-2,ethereum,0.0029533244
a16z/helios,ethereum,0.0027037694
evmts/tevm-monorepo,ethereum,0.0026566657
powdr-labs/powdr,ethereum,0.0026226812
0xMiden/miden-vm,ethereum,0.0025693861
ethereum-lists/chains,ethereum,0.0025507464
aestus-relay/mev-boost-relay,ethereum,0.0024887979
ApeWorX/ape,ethereum,0.0024180645
ipsilon/evmone,ethereum,0.0022766533
Commit-Boost/commit-boost-client,ethereum,0.0022640677
wealdtech/ethdo,ethereum,0.0022570143
TrueBlocks/trueblocks-core,ethereum,0.0022541481
ethstaker/ethstaker-deposit-cli,ethereum,0.00222637
argotorg/fe,ethereum,0.0021250459
lambdaclass/lambdaworks,ethereum,0.0021192938
lambdaclass/ethrex,ethereum,0.0020380487
vyperlang/titanoboa,ethereum,0.0019119473
skalenetwork/libBLS,ethereum,0.0019079439
axiom-crypto/snark-verifier,ethereum,0.0017935514
shazow/whatsabi,ethereum,0.0017631491
otterscan/otterscan,ethereum,0.0016786693
ethdebug/format,ethereum,0.0016179
ChainSafe/bls,ethereum,0.0015828361
a16z/halmos,ethereum,0.0015093785
alloy-rs/alloy,ethereum,0.0014811491
EspressoSystems/jellyfish,ethereum,0.0014488053
deepfunding/dependency-graph,ethereum,0.0014285214
argotorg/hevm,ethereum,0.0014166968
intellij-solidity/intellij-solidity,ethereum,0.0012521644
dl-solarity/solidity-lib,ethereum,0.0011315314
succinctlabs/rsp,ethereum,0.0009172964
edb-rs/edb,ethereum,0.0008865587
swiss-knife-xyz/swiss-knife,ethereum,0.0008588064
lambdaclass/lambda_ethereum_consensus,ethereum,0.0005047987
