project,seer_url
Zcash Grants Hub,https://app.seer.pm/markets/10/0xE599669a0cB02128fa0463953f9f70Fde240921A
ShieldedScan,https://app.seer.pm/markets/10/0xbdb8245fB6E4c6dF77bB6b28AF7C7691572805EC
ZecKit Post-M3 Stabilization and Developer Adoption,https://app.seer.pm/markets/10/0x8F62C36678044f5BE39DE143C01d652919E59a31
zcashtocash via ZcashLabs,https://app.seer.pm/markets/10/0xdC8cDe1236921607e18382710D42DE2A8ccdd491
zec-ironwood-reconcile,https://app.seer.pm/markets/10/0x55094376a3283512a8144Fa9a251E430195286E2
Gleyo,https://app.seer.pm/markets/10/0xAce4327Ac96E15040474065dC6aA0da0751BcBCA
Self-Sovereign Zcash Testnet Faucet,https://app.seer.pm/markets/10/0xb4485E5404178444fbf3F279eddF2b5C4b421e39
CyphZec.com,https://app.seer.pm/markets/10/0xe3A5794dFdcccBc964574bc6A5E3Cab92f198f03
ZecLedger,https://app.seer.pm/markets/10/0xFf4553ad2539B2722b322d10930f1B85969DEe6A
lightwalletd-rs,https://app.seer.pm/markets/10/0xd058cc42d014810B15A93874b3f11B02bfAd9732
Blindvault,https://app.seer.pm/markets/10/0x5395fD696b64d1d3e9295e09BfAf038E0c8F05f6
Zallet RPC Parity Harness,https://app.seer.pm/markets/10/0x781FC94cf2a362C29cB08c86f8DcD1EA8181a158
Zecmap,https://app.seer.pm/markets/10/0x78a72380C7936F2CB3574d2302E8437aeEBaB93c
Connaugh Zcash Videos,https://app.seer.pm/markets/10/0x64a3ab58337ca2D6DdCDd6Ab6712b3E57626Ee1f
ZAP1 Attestation Protocol and Verification Tooling,https://app.seer.pm/markets/10/0x0586C5Bf8A0137D3dA895E59663b760B5E39C340
ZecBooks,https://app.seer.pm/markets/10/0x140654d12ac41a2d946E6DEc85D07A0252B0BF20
CipherPay,https://app.seer.pm/markets/10/0x0900986e76a3a75cE4dFD3615AAA5e388d1A7870
Zafu Browser Extension,https://app.seer.pm/markets/10/0x725337EF90bE0a5a7064098d6A0191d93F8C1B70
Zapp,https://app.seer.pm/markets/10/0x06277FcEf6340930B0F08B90032EDAF07CE36b6A
Open-Source Zcash Hardware-Wallet SDK,https://app.seer.pm/markets/10/0xA58c14Daf5c0f14adFE08b2c672ab361948758d2
Nozy Wallet,https://app.seer.pm/markets/10/0x45eF7f50825619AEa0070d7d0147DaE5A26fc50B
THORSwap / Metro,https://app.seer.pm/markets/10/0x777B50f83e76acD9E520Abf6a258CC218B1aD054
Expanding Zcash In Unstoppable Wallet,https://app.seer.pm/markets/10/0x404CcB09e7F47dE56b64253d9E2f839D555366b8
ZcashNames,https://app.seer.pm/markets/10/0xB6Bb6a1E1f02a11AFAE1DE272C94a78bd4673f37
Frontier Compute Zcash Security Research and Remediation Pack,https://app.seer.pm/markets/10/0x751047Dc87049EB122CDbF570a591ECEEB81b984
Zebra Critical Vulnerability Bug Bounty (CVE-2026-34202),https://app.seer.pm/markets/10/0xDA375Fa265997b5B408fA94D9C834693861BceCa
Bonus Grant - Ironwood zk-SNARK Formal Verification,https://app.seer.pm/markets/10/0xDdBE118c992Fc4165291eaD70B64c33dB037eB67
CipherScan,https://app.seer.pm/markets/10/0x73d8A605e090C267D18506A2EeeF5b0A6d22Fae9
Temporary Detectable Unlimited Mint and Sell Exploit,https://app.seer.pm/markets/10/0xc0e29B80a74287cFEF882a4d425d06117Aa09C07
Five Critical Zebra Consensus Divergence Vulnerabilities,https://app.seer.pm/markets/10/0xe7d2d53d782b13d1de2361aE458367Eb3a85B191
Zec.rocks (16 months of uptime),https://app.seer.pm/markets/10/0x91736993FD987C230244825A27c3E531c66Fe63B
Ironwood external audit reimbursement,https://app.seer.pm/markets/10/0x6a2eFDE79D7E7dF689Cb17FD0663b3455D838Dd4
Ironwood zk-SNARK Formal Verification (Project Tachyon),https://app.seer.pm/markets/10/0x74A5f36e0Af651a1E577b40C2167aC62FD4012D7
Orchard Counterfeiting Vulnerability Bug Bounty,https://app.seer.pm/markets/10/0xD2dc10FA13CaC63abFc098e7be89214eba6C38EC
Bonus Grant - Orchard Counterfeiting Bug Bounty,https://app.seer.pm/markets/10/0xBFa2F5855527B8fA1fDB648065FC172EA41C6D94
ValarGroup Ironwood Work,https://app.seer.pm/markets/10/0x8dFd98175EaeB4c512113f88EccBA1C9Bd281742
ZODL Q1 2026 Core Protocol Development,https://app.seer.pm/markets/10/0x2766eF544445b8247ADB241a5c2792AAc31eF133
